Metric,Score
Accuracy,0.7904328018223234
Precision,0.7566137566137566
Recall,0.7566137566137566
F1,0.7566137566137566
ROC_AUC,0.8798730158730159
